{"cameraMode":{"drawMode":0,"name":"Shaded","section":"Shading Mode"},"sceneLighting":false,"audioPlay":false,"sceneViewState":{"showFog":true,"showMaterialUpdate":true,"showSkybox":true,"showFlares":true,"showImageEffects":true,"showParticleSystems":true},"in2DMode":false,"pivot":{"x":-0.013232164084911347,"y":-0.02455762028694153,"z":1.0373767614364625},"rotation":{"x":-0.037798501551151279,"y":-0.01289201620966196,"z":0.0004876747552771121,"w":-0.9992021322250366},"size":2.848031520843506,"orthographic":false}