{"cameraMode":{"drawMode":0,"name":"Shaded","section":"Shading Mode"},"sceneLighting":false,"audioPlay":false,"sceneViewState":{"showFog":true,"showMaterialUpdate":true,"showSkybox":true,"showFlares":true,"showImageEffects":true,"showParticleSystems":true},"in2DMode":false,"pivot":{"x":0.014605969190597535,"y":-3.8399295806884767,"z":9.374117851257325},"rotation":{"x":-0.20288199186325074,"y":-0.009696561843156815,"z":0.002009074669331312,"w":-0.9791531562805176},"size":11.411661148071289,"orthographic":false}